NGK;LZFR5CI11;650;16;Свеча зажигания 5,7 Hemi Laser Iridium Spark Plug
Fel-pro;VS50906R;1730;1;Прокладка клапанной крышки двигателя, комплект VS50906R Fel-pro
CHRYSLER;68596317AB;10800;1;Корпус масляного фильтра
POWER STOP;B986;1800;2;Колодки стояночного гальма
DORMAN;926235;3350;1;Насос масляный
MOPAR;68596478AA;15000;1;Радіатор АКПП MOPAR
MOOG;513456;8800;2;Ступица передняя
FEL-PRO;61438;400;3;Прокладка дросельної заслонки
TIMKEN;HA590551;5550;1;Ступица передняя
DORMAN;9023036;900;1;Термостат
CHRYSLER;68217514AB;250;24;Оригінал mopar прокладка впускного колектора верхня
MOOG;K750573;1950;2;Стойка стабилизатора заднего
CHRYSLER;68308741AA;7700;1;Теплообмінник Mopar (новий оригінал)
MAHLE;VS50657;3675;2;Ущільнювачі електромагнітів VVT, ущільнювачі датчиків розподільного вала, ущільнення трубок свічок запалювання
CHRYSLER;68110244AE;4500;1;Подушка АКПП mopar нова
Chrysler;68577842AE;12200;2;Амортизатор (стійка) оригінал Mopar (Chrysler), передній правий/лівий Jeep Grand Cherokee WL L 2021-2026 [новий]
DORMAN;68252670AP;8700;1;Новий, насос - mopar, клапан маслонасоса - dorman
WAGNER;ZX1629A;2650;2;Гальмівні колодки пепедні
CHRYSLER;68365931AA;7700;1;Теплообмінник Mopar (новий оригінал)
TRAKMOTIVE;CH8363;9350;2;Напіввісь права передня FWD / AWD (opt SDA)
CHRYSLER;68252670AP;13860;1;Насос масляный новий оригінал
CHRYSLER;68308741AF;7700;1;Теплообмінник Mopar (новий оригінал)
CHRYSLER;5184778AB;567;11;Cальники свічних колодців бренд Mopar (5184778AB)
NGK;97408;560;16;Свеча зажигания
TRAKMOTIVE;CH8365;12000;1;Напіввісь ліва передня Cherokee 3.2 4WD or AWD
Chrysler;68298329AC;12800;2;Амортизатор передній лівий Mopar 68298329AC
NGK;LFR5AIX11;400;16;Свеча зажигания LFR5AIX11 4469
CHRYSLER;68214109AB;1400;7;Прокладка Водяної Помпи (нова оригинал)
WAGNER;ZD1455;3200;2;Колодки тормозные передние дисковые
STANDARD;PC748;1400;1;Датчик положения распредвала
CHRYSLER;68029520AE;4620;1;Опора амортизатора переднего
NGK;96358;700;1;Свічки запалювання NGK 96358 LKR7AHXS
NGK;ILZKR7B11;630;3;Свеча зажигания
CHRYSLER;4893803AA;700;2;Сальник соленоїда VVT
CHRYSLER;68232614AA;185;8;Прокладка колектора впускного нижня
CHRYSLER;68596318AB;7700;1;Теплообмінник Mopar новий оригінал
CHRYSLER;68194316AC;6400;1;Опора амортизатора переднего правого
CHRYSLER;5047063AA;945;7;Клапан PCV вентиляции картерных газов
CHRYSLER;4893805AB;850;7;Прокладка клапанної кришки Mopar ліва 4893805AB
ANCHOR;3379;6000;2;Подушка (опора) двигателя правая
CHRYSLER;68365931AD;7700;1;Теплообмінник Mopar (новий оригінал)
CHRYSLER;68755454AA;7700;1;Теплообмінник Mopar (новий оригінал)
CHRYSLER;68365931AC;7700;1;Теплообмінник Mopar (новий оригінал)
NGK;9723;600;1;Свеча зажигания NGK 9723 Laser Iridium
DORMAN;9023102HP;2750;1;Корпус термостата 3.6 / 3.2 Doorman (алюмінієвий)
Chrysler;68311109AC;12300;1;Помпа з прокладкою Mopar 68311109AC
BOSCH;15510;2200;4;Лямбда-зонд, датчик кислорода до катализатора
POWER STOP;171057;2400;2;Колодки гальмівні задні, керамічні
DORMAN;9023114;2400;2;Термостат Chrysler Pacifica 2017-2022
NGK;96355;650;3;Свеча зажигания
CHRYSLER;5149062AA;3700;1;Датчик давления масла
NGK;4469;400;16;Свеча зажигания NGK 4469 Iridium
WAGNER;OEX1498;2700;1;гальмівні колодки задні
POWER STOP;171058;2750;2;Колодки тормозные передние дисковые
NGK;92145;630;16;Свічка запалювання NGK 92145 Laser Iridium
STANDARD;LDP12;1700;2;Клапан адсорбера вентиляцii парів бензину
STANDARD;V500;2200;3;Клапан pcv
CHRYSLER;68105583AB;10800;1;Теплообмінник Mopar ( Корпус масляного фильтра ) новий оригінал
POWER STOP;171640A;2600;1;гальмівні колодки передні
POWER STOP;171904A;2700;2;Колодки передні Z17 with Solid Rear Rotors
POWER STOP;171056;2600;2;Колодки гальмівні POWER STOP 171056 Z17
CHRYSLER;4893804AB;990;5;Прокладка клапанної кришки Mopar права (4893804AB)
MOOG;K750579;1700;3;Стойка стабилизатора переднего правая
NGK;94705;550;1;Свеча зажигания NGK 94705 RUTHENIUM HX
CHRYSLER;68596318AA;7700;1;Теплообмінник Mopar (новий оригінал)
CHRYSLER;68311108AE;10500;1;Помпа водяная (насос) охлаждения
POWER STOP;Z231904A;3400;3;Колодки тормозные передние дисковые
CHRYSLER;68334877AA;2400;2;Датчик тиску масла ( Oil Pressure Sender ) новий
DORMAN;9023036XD;2600;1;Термостат Алюміній
CHRYSLER;68544611AG;16200;24;Амортизатор передний пр/лв Mopar
CHRYSLER;68308741AB;7700;1;Теплообмінник Mopar (новий оригінал)
POWER STOP;171843;2600;2;Колодки тормозные передние дисковые
MOOG;K750578;1700;3;Стойка стабилизатора переднего левая
ANCHOR;3495;5700;1;Подушка двигуна передня ліва
CHRYSLER;68365931AB;7700;1;Теплообмінник Mopar (новий оригінал)
MOOG;ES801427;2800;1;Рульовий наконечник лівий
CHRYSLER;68308741AC;7700;1;Теплообмінник Mopar (новий оригінал)
TIMKEN;HA590419;5600;1;Ступица передняя
STANDARD;VVT359;2600;1;Регулятор фаз ГРМ (Клапан електромагнітний) випуск
NGK;LFR5AHX;650;3;Свічки запалювання LFR5AHX 96355
STANDARD;LDP13;1950;2;Клапан парів бензину
POWER STOP;171589;3000;2;гальмівні колодки передні
POWER STOP;171734;2600;2;Колодки тормозные задние дисковые
STANDARD;CP796;2250;1;Клапан адсорбера топливных паров
POWER STOP;171596;2400;1;Гальмівні колодки задні
CHRYSLER;5047901AC;6300;1;Соленоїд зміни фаз газорозподілу (VVT) задній
POWER STOP;171498;3200;2;гальмівні колодки задні
