CSF;55038003AG;6270;1;Радіатор кондиціонера Jeep Grand Cherokee WK2 CSF10770
CHRYSLER;68194317AC;6600;1;Опора амортизатора переднего левого
NGK;LZFR5CI11;650;18;Свеча зажигания 5,7 Hemi Laser Iridium Spark Plug
Fel-pro;VS50906R;1730;1;Прокладка клапанной крышки двигателя, комплект VS50906R Fel-pro
MOOG;RK623638;5400;1;Рычаг передней подвески верхний левый
MOOG;EV801494;1580;1;Тяга рулевая
POWER STOP;B986;1800;2;Колодки стояночного гальма
STANDARD;VG283;300;1;Ущiлнення трубки еgr
MOPAR;68596478AA;15000;1;Радіатор АКПП MOPAR
FEL-PRO;61438;400;3;Прокладка дросельної заслонки
TRAKMOTIVE;CH8352;9250;1;Напіввісь передня права (AWD)
DORMAN;9023036;900;1;Термостат
CHRYSLER;68217514AB;250;29;Оригінал mopar прокладка впускного колектора верхня
MAHLE;VS50657;3800;2;Ущільнювачі електромагнітів VVT, ущільнювачі датчиків розподільного вала, ущільнення трубок свічок запалювання
CHRYSLER;5047861AA;5670;1;Корпус термостата
Chrysler;68577842AE;12200;2;Амортизатор (стійка) оригінал Mopar (Chrysler), передній правий/лівий Jeep Grand Cherokee WL L 2021-2026 [новий]
DORMAN;68252670AP;8700;1;Новий, насос - mopar, клапан маслонасоса - dorman
WAGNER;ZX1629A;2650;2;Гальмівні колодки пепедні
CHRYSLER;68365931AA;6600;2;Теплообмінник Mopar (новий оригінал)
CHRYSLER;5047861AD;5670;1;Корпус термостата
CHRYSLER;68252670AP;14200;1;Насос масляный новий оригінал
CHRYSLER;5184778AB;567;12;Cальники свічних колодців бренд Mopar (5184778AB)
NGK;97408;560;16;Свеча зажигания
CSF;10770;6270;1;Радіатор кондиціонера Jeep Grand Cherokee WK2 CSF10770
TRAKMOTIVE;CH8365;12000;1;Напіввісь ліва передня Cherokee 3.2 4WD or AWD
CHRYSLER;68252518AA;5880;2;Подушка двигуна 3,6 (Нова оригінал, made in USA)
NGK;LFR5AIX11;400;16;Свеча зажигания LFR5AIX11 4469
CHRYSLER;68214109AB;1400;7;Прокладка Водяної Помпи (нова оригинал)
WAGNER;ZD1455;3200;1;Колодки тормозные передние дисковые
STANDARD;PC748;1400;1;Датчик положения распредвала
CHRYSLER;68029520AE;4620;4;Опора амортизатора переднего
NGK;96358;700;2;Свічки запалювання NGK 96358 LKR7AHXS
NGK;ILZKR7B11;600;9;Свеча зажигания
CHRYSLER;5184772AB;1250;1;Сальник датчика розпредвалу сальник розподільного вала
CHRYSLER;4893803AA;700;2;Сальник соленоїда VVT
CHRYSLER;68232614AA;185;11;Прокладка колектора впускного нижня
CHRYSLER;68083202AC;2900;1;PCV клапан mopar 68083202AC Dodge Jeep Chrysler
CHRYSLER;68596318AB;6600;2;Теплообмінник Mopar новий оригінал
CHRYSLER;5047063AA;1500;7;Клапан PCV вентиляции картерных газов
CHRYSLER;4893805AB;850;7;Прокладка клапанної кришки Mopar ліва 4893805AB
CHRYSLER;53032763AA;800;1;Прокладка дроссельной заслонки
MAHLE;VS50919;4200;2;Прокладка кришки клапанів
Chrysler;4893940AE;7980;1;Помпа з прокладкою WL Mopar 04893940AF
CHRYSLER;68298330AE;13800;1;Амортизатор передній правий
NGK;9723;600;1;Свеча зажигания NGK 9723 Laser Iridium
DORMAN;9023102HP;2750;2;Корпус термостата 3.6 / 3.2 Doorman (алюмінієвий)
Chrysler;68311109AC;12300;1;Помпа з прокладкою Mopar 68311109AC
STANDARD;PC980;1500;1;Датчик положения (оборотов) коленвала
DORMAN;9023114;2400;2;Термостат Chrysler Pacifica 2017-2022
NGK;96355;650;3;Свеча зажигания
CHRYSLER;5149062AA;3700;2;Датчик давления масла
CHRYSLER;5047861AC;5670;1;Термостат в корпусі з датчиком новий
NGK;4469;400;16;Свеча зажигания NGK 4469 Iridium
WAGNER;OEX1498;2100;1;гальмівні колодки задні
CSF;10954;6270;1;Радіатор кондиціонера CSF
NGK;92145;630;18;Свічка запалювання NGK 92145 Laser Iridium
STANDARD;LDP12;1700;2;Клапан адсорбера вентиляцii парів бензину
DORMAN;HW7435;1100;1;Ремонтный комплект ручного тормоза
MOOG;68291037AA;5400;1;Верхній ричаг лівий бренд Moog (новий)
CONTINENTAL;49024;950;1;Ролик приводного ремня паразитный
STANDARD;V500;2200;3;Клапан pcv
POWER STOP;171640A;2600;1;гальмівні колодки передні
CHRYSLER;4893804AB;990;5;Прокладка клапанної кришки Mopar права (4893804AB)
MOOG;K750579;1700;2;Стойка стабилизатора переднего правая
NGK;94705;550;1;Свеча зажигания NGK 94705 RUTHENIUM HX
MOOG;ES801426;2800;1;Рульовий наконечник правий
CHRYSLER;68311108AE;10500;1;Помпа водяная (насос) охлаждения
DORMAN;926959;13200;1;Теплообмінник 3.6 DORMAN (оригінал) повний комплект
NGK;93175;550;18;Свічка запалювання NGK93175 USA
CHRYSLER;4892339AB;550;6;Фильтр масляный
DORMAN;9023036XD;2600;2;Термостат Алюміній
CHRYSLER;68544611AG;12600;1;Амортизатор передний пр/лв Mopar
MOOG;K750578;1700;2;Стойка стабилизатора переднего левая
ANCHOR;3495;5700;1;Подушка двигуна передня ліва
MOOG;ES801427;2800;1;Рульовий наконечник лівий
CHRYSLER;68346915AA;11900;1;Помпа водяная (насос) охлаждения нова оригінал
Power Stop;171901;3000;1;Колодки тормозные задние дисковые
CHRYSLER;68079375AC;3465;1;Датчик положения (оборотов) коленвала
CHRYSLER;68078604AA;1450;1;Прокладка передней крышки двигателя
STANDARD;VVT359;2600;1;Регулятор фаз ГРМ (Клапан електромагнітний) випуск
NGK;LFR5AHX;550;3;Свічки запалювання LFR5AHX 96355
STANDARD;LDP13;1900;2;Клапан парів бензину
Power Stop;171589;3000;2;гальмівні колодки передні
POWER STOP;171734;2600;2;Колодки тормозные задние дисковые
STANDARD;CP796;2250;1;Клапан адсорбера топливных паров
Chrysler;68480071AC;14280;2;Оригінал Mopar - радиатор охлаждения двигателя
Power Stop;171596;2400;1;Гальмівні колодки задні
CHRYSLER;5047901AC;6300;1;Соленоїд зміни фаз газорозподілу (VVT) задній
POWER STOP;171498;3200;2;гальмівні колодки задні
